x,y,amplitude,angle,rob,action 0,action 1,action 2,action 3,action 4,action 5
5,0,2,4,1,-1.3448232926084367,-1.1834359471472318,-1.486235072201768,-1.5089472214934465,-1.2871211103027465,-1.490765439880383
4,2,2,4,1,-4.219129252467586,-4.409582383580999,-2.9373728469506046,-3.447991561454341,0.02111386534866616,-3.439312341429436
2,4,2,4,1,-8.298003226938112,-9.775,-10.0,-2.9782239593501756,-8.948238755841137,-10.0
5,0,1,4,1,-0.2557308170328955,0.7677872848263009,-0.2191350885150716,-0.24413972816147833,0.12717995646026972,-0.16692621159702803
4,1,1,4,2,,0.7761263515566962,-0.6400476508488658,-0.5793293716672329,-0.9140496659261697,-0.6905693851404784
4,2,1,4,2,,2.205269338425084,-0.5585478272139838,-0.012983220099600963,-0.045125527075710714,-0.2237464306475354
3,3,1,4,2,,0.9064692480616321,-0.4355392640563335,-0.6448188706210634,-0.9339915642123904,-1.02553692869226
2,4,1,4,2,,3.3876548722452813,-9.743738163123107,-2.572550769638889,-1.4226285796760063,-1.6493836008148017
1,5,1,4,2,,-10.0,-9.999488368808551,-10.0,-10.0,-10.0
5,1,2,4,1,-1.7730114973627442,-1.6414677259019965,-0.6969253630220437,-1.6326236361500097,-1.6622990702519582,-1.6763004858724027
4,4,2,4,1,0.4051748442262955,-4.619312533702726,-5.103042797956719,-4.5680336246376445,-4.73504394567813,-5.013890350495578
2,6,2,4,1,-10.0,-10.0,-10.0,-9.475509161154804,-10.0,-9.775
5,4,3,3,1,-1.5692333983927502,0.6817458252439327,-1.4576509002842752,-1.437459011394802,-2.2776007183331073,-2.075962831706708
3,2,3,3,1,-10.0,-3.919404385202185,-5.647498209999999,-10.0,-10.0,-10.0
1,0,3,3,1,-10.0,-8.093975366479544,-10.0,-10.0,-10.0,-10.0
2,2,2,4,1,-10.0,-9.81775,-4.641039100236399,-6.6531524283951855,-9.083292405247798,2.573344532160492
5,1,3,4,1,-4.515844739701239,-4.135336670448802,-3.2685824349235495,-4.194428352666653,-4.421260959200259,-4.452069626774707
3,4,3,4,1,-8.557001752523341,-9.75,-8.610889530886686,-5.588052235883475,-10.0,-8.373261915605537
1,8,3,4,1,-10.0,-10.0,-10.0,-10.0,-10.0,-10.0
5,6,1,3,1,0.004633233431000707,0.16041440285246217,0.5841443006431363,0.025249130604186893,0.17370874870076844,0.17319960031868892
4,5,1,3,1,-0.10450165029515288,-0.011423314867696661,0.019695128911179763,0.7003450941870984,0.052588726006698935,0.13208259893895224
2,4,1,3,0,1.3869042401736977,,-1.1479518698023987,-0.8644269774439092,-0.75,-1.2615770600509244
1,3,1,3,0,-10.0,,-10.0,-1.969855875447366,-10.0,-10.0
5,2,3,3,1,-3.3126571933168174,2.672567159936355,-2.6506209158289744,-1.987380100084247,-3.5533757327840205,-2.9031321986412535
3,1,3,3,1,-10.0,-10.0,-6.5467837891,-6.613535025165,-10.0,-6.762567172175424
5,0,3,3,1,-4.299574569397889,-2.26614916279411,-4.498694457102373,-3.7323486030775177,-4.432085318297357,-4.250339381219577
3,0,3,3,2,,-10.0,-10.0,-10.0,-10.0,-8.677042184135265
5,3,2,4,1,-1.3307296687338634,-1.5949384203609782,-0.9751026817689872,-1.4233502607072603,-1.3490771537925976,-0.024280274138072683
4,5,2,4,0,-0.6932460871944157,,-0.576388125,-0.9948931781841401,-0.6615633016591649,-0.7753395000000002
2,3,2,4,2,,-10.0,-10.0,-10.0,-10.0,-8.883116124781765
5,6,2,4,1,2.005767463265674,-0.13213237774486897,0.6429525740807635,0.5776155244294958,0.528295380682396,0.3585223918914652
4,7,2,4,0,-0.6690567716234755,,-0.362330625,-0.2883825,-0.1425,-0.39672284700000005
2,8,2,3,0,-10.0,,-6.659531465556,-10.0,-10.0,-10.0
5,5,2,3,1,-1.005209059880107,-0.6949994069753368,-0.9996612189773085,-0.9291566905409993,0.5331672013268174,-0.9096987488417093
4,2,2,3,2,,-0.5430146011333757,,-0.549395544125325,0.0,0.0
2,0,2,3,2,,-10.0,-10.0,-10.0,-8.245112220008343,-10.0
5,6,3,3,1,-5.290049465750143,-2.9012048497918705,-5.217359242622135,-5.2900218283685705,-5.225791290925868,-5.2613162838398795
3,3,3,3,1,-9.525,-10.0,-10.0,-8.841559182306842,-9.335585553065187,-9.076200865471613
5,4,1,4,1,0.37297407771327484,0.10195763295341667,1.2552180991174697,0.33350296664319323,0.30761149560048795,0.7229869809103255
4,6,1,4,0,1.08427199813459,,,0.0,0.0,0.0
3,7,1,4,0,-0.6530982423408702,,0.0,0.0,-0.75,-0.07500000000000001
2,8,1,4,0,-1.6454746044024366,,-1.675,-2.0325,-1.675,-1.9
1,7,1,3,1,-10.0,-10.0,-10.0,-10.0,-10.0,-10.0
5,5,2,4,1,1.1943553792104402,0.0,0.9445634385217769,1.202770767474449,1.4402440193459383,0.5443040186683863
3,7,2,4,2,,-2.0325,0.7499784988320246,0.0,4.835789153248786,0.0
1,8,2,4,2,,-10.0,-10.0,9.999965689808135,-10.0,-10.0
3,0,3,4,2,,-8.36316190052289,-9.0,-10.0,-10.0,-10.0
1,2,3,4,1,-10.0,-10.0,-10.0,-10.0,-10.0,-4.410052890818861
5,8,2,3,1,-1.34268585231373,-1.270012908502792,-1.3335207470826012,-1.4321252620452791,-1.340705269026922,-0.9633008333329074
4,8,2,3,1,-4.065640433083111,-4.271747415120915,-4.1262542119173,-4.197995840286874,-4.299757811600854,-4.11542125396682
2,7,2,3,1,-9.233021841642387,-9.775,-10.0,-6.39339885626782,-9.229662933894028,-9.288665342524446
4,1,1,4,1,-0.9318628853104967,-0.9196712237579027,0.7245494991818948,-0.6113498899012113,-0.7234941103713715,-0.5967417453268932
3,3,1,4,1,-0.577861813956833,-1.0983848522256856,0.19494137209124116,-0.390382384080731,-0.30574929573632187,3.6060681585012024
2,4,1,4,1,-2.7766000750713693,-9.525,-8.671243063437814,3.239067945575582,-1.3120552944310857,-1.2291873771596207
1,6,1,4,1,-10.0,-10.0,-10.0,-10.0,-10.0,-10.0
5,8,3,3,1,-4.30460030752241,-4.383024684212462,-3.266886521322059,-4.322010384914844,-4.340848281868942,-4.397329430390835
3,6,3,3,1,-9.6023775,-9.36525,-5.5304307536850414,2.89747500504819,-5.7685257040504245,-6.955171308947235
5,6,2,3,1,-1.4830097683850387,-1.244436317226786,-1.5078616647581025,-1.188960024866467,-1.344691597536532,0.20519087631834065
4,5,2,3,1,-4.013466947726074,-4.419794631700989,-4.227332703314468,-3.5391606363356507,-4.08734422160782,-3.192543084099707
2,3,2,3,1,-9.525,-10.0,-9.177587546065185,-10.0,-10.0,-9.047757754465355
1,1,2,3,1,-10.0,-10.0,-10.0,-10.0,-10.0,-10.0
5,1,2,3,1,-1.1957716908591334,-0.2830101971768272,-0.7899188110917166,-0.9595898086987287,-0.8274687457000656,-0.9575133031157358
4,0,1,3,0,,,0.058384678950512886,0.006495548170354451,0.10302802870708483,0.8906799829759262
3,1,1,4,0,1.24907543362779,,-2.4400102980562566,-2.3817670215788156,-2.1292789590755787,-2.5590750318820676
1,3,1,4,0,-10.0,,-9.99969158173283,-10.0,-10.0,-10.0
5,5,1,4,1,1.08129586275296,0.07845807195126676,0.8812834539170059,0.32777846209623496,0.7645047351637825,0.39040386105508595
4,5,1,4,1,0.5567759035595666,-0.03392533229491631,1.881448153544106,0.6382369311014299,0.43500868402105075,1.1681232335263085
3,6,1,4,2,,0.7337859402401995,0.2289774288322951,0.6066566451102294,0.0,3.0039558102547748
2,6,1,4,2,,-1.425,-0.2532895542165494,-0.6741553836415918,0.493552072648126,-0.3313731501487698
1,7,1,4,1,-10.0,-9.7975,-10.0,-10.0,-10.0,-10.0
5,3,3,3,1,-2.574448691997252,1.8046918295138505,-2.323022839796983,-1.7823370515858943,-1.974537134103504,-2.265975792021981
3,2,3,3,2,,-10.0,-10.0,-5.428521132570999,-5.1638869,-10.0
3,5,1,3,1,-0.09376324158023802,-0.36450681526128387,0.061789149931490324,0.12789244992275545,0.09474331271789385,1.3123601051441631
2,4,1,3,1,-3.661815,-3.8460351989658625,2.0167615593039665,-1.415877184944669,-2.7314136135624842,-2.0460112203583956
1,3,1,3,2,,-10.0,-10.0,-10.0,-10.0,-10.0
4,6,2,4,1,3.0345516544096904,-0.257925,-0.886142685836112,-0.6844359850150152,0.0,-0.7358538832500001
2,7,2,4,0,-4.319065,,-4.521565,-4.73789575,-10.0,-10.0
3,2,3,4,2,,-7.1108117801416615,-10.0,-8.357984833354312,-10.0,-10.0
2,6,2,4,2,,-10.0,2.301075352048122,-8.81382699460317,-8.0,-10.0
3,4,2,4,1,-1.9582756489959008,-4.0833215242500005,-3.708073818110289,-4.273491564530364,-4.328001744446979,-3.6333380978540277
1,6,2,4,0,-10.0,,-10.0,-10.0,-10.0,-10.0
3,4,2,3,1,-4.1815134804979355,-1.2218320774730915,-4.171095526340955,-4.0642666577395845,-3.8148794237139683,-3.8259313036253326
1,3,2,3,1,-10.0,-10.0,-10.0,-10.0,-10.0,7.182711241028736
5,3,3,4,1,-2.9193503323561933,-4.425119848295678,-4.200207678443663,-4.530783521524321,-4.300659616531309,-4.247569314325322
3,6,3,4,0,-10.0,,-9.75,-10.0,-10.0,-6.8392916655229
5,6,3,4,1,1.4540904889652013,-3.9376504536156625,-3.6237499919074025,-3.547250085566523,-2.717431700308693,-2.351188754596597
3,8,3,4,1,-6.51496370478897,-10.0,-10.0,-10.0,-10.0,-9.13322006960832
1,6,3,3,1,-10.0,-10.0,-10.0,-7.690690842536413,-10.0,-10.0
5,0,3,4,1,-4.807059199958026,-3.254222837403889,-4.9827907317530755,-4.741382642829382,-5.13121260174277,-4.810686695973411
3,2,3,4,1,-6.45679071799908,-9.775,-5.855205896889405,-6.314880084941835,-4.216479527230633,-3.665648119447529
5,4,2,4,1,0.18784732434618584,-0.24349428572122567,0.4094503110743486,1.0991281174773795,-0.08972702485471873,0.1818067039289422
3,5,2,4,1,1.4250505823979462,-2.57925,-1.425,-1.4638525433911702,-2.642203323889975,-2.0325
1,6,2,4,1,-10.0,-10.0,-10.0,-10.0,-10.0,-10.0
5,5,3,3,1,-3.7867844747447768,-0.8710319905436241,-4.239653047316064,-3.8394381197916885,-4.353274758647388,-4.011338493874431
3,4,3,3,1,-9.131948381142855,-10.0,-10.0,-9.301723091203213,-9.75,-9.75
5,2,2,4,1,-1.7922285945825553,-1.9947499590258044,-1.968528169576664,-1.9703035199181365,-1.985311672053995,-0.6980980615275388
3,3,2,4,0,-0.9087380793905289,,-1.425,-1.425,-0.75,-1.425
1,4,2,4,1,-10.0,-10.0,1.3454195638149917,-6.561916791071468,-6.2,-10.0
2,4,2,3,2,,-10.0,-10.0,-10.0,-9.083175015271202,-10.0
3,3,3,3,0,-10.0,,-8.0,1.1439251895904294,-3.546001186120073,-10.0
5,7,1,4,1,0.2243830453217223,0.0,0.11926155692214777,0.18343678170079755,0.6893516003875971,0.206904882895848
4,7,1,4,1,2.22863930827327,-0.13934662461961814,0.4152419821816549,0.9906166918322588,0.4080704587463233,0.6789393932039779
3,8,1,4,1,2.116490609379549,-0.87825,-0.04500000000000001,-0.75,-0.07500000000000001,-0.7302183999069236
2,8,1,3,0,-10.0,,-4.7264304,-9.75,-4.7148838864373435,-4.701963135
3,1,3,4,2,,-10.0,-9.0,-6.76067377409326,-10.0,-6.815151144478899
4,5,1,3,2,,,0.0,-0.01797140832873422,-0.02247561412098574,0.019716280125628496
3,3,1,3,2,,-0.14890942566591558,-0.15058196718750005,-0.2258625,-0.36904394742682367,-0.12374999999999999
2,2,1,3,2,,-10.0,-9.75,-3.886489200067828,-3.71035,-3.823963607215633
4,8,1,4,1,1.0597407330456499,-0.11363160687537804,-0.13964423708542928,-0.3003985349149141,-0.05951032481133528,-0.08796580590054037
2,8,1,3,1,-8.84834987185675,-4.7765963325000005,-4.602680702543325,-4.886487362319704,-4.636582343083081,-4.692916212013955
1,8,1,3,1,-10.0,-9.951125727546316,-10.0,-10.0,-10.0,-10.0
3,8,3,3,1,-9.841168228115839,-10.0,-10.0,-10.0,-9.647564717136227,-10.0
3,5,3,3,0,-10.0,,-9.883699412183407,-9.892314630230128,-10.0,-10.0
1,4,3,3,0,-10.0,,-10.0,-10.0,-10.0,-10.0
5,2,2,3,1,0.0,1.8662332268494388,0.5081277468690151,0.024224846175192882,0.571514219169726,0.27631787217965714
3,1,2,3,1,-3.071325,3.491655999598693,-2.57925,-1.425,-2.57925,-1.3575000000000002
1,0,2,3,2,,-10.0,-10.0,-10.0,-10.0,-10.0
4,4,2,3,0,-3.72984679218695,,-3.8873980377631407,-4.043523439708908,-0.5593506705089143,-3.884823912130468
1,0,2,3,0,-10.0,,-10.0,-10.0,-10.0,9.999993396008417
3,0,3,3,1,-10.0,-10.0,-9.1711493692672,-10.0,-10.0,-9.75
5,7,2,4,1,-0.6287270169750694,-0.48763529281668966,-0.2960253841152464,-0.20337028873235152,0.9729909359545784,-0.15892616756729347
4,7,1,4,2,,0.1092140380441292,0.0,1.3907775291957103,0.20528410436365352,0.012300834956742265
2,7,1,4,2,,-2.7957346697985983,1.0737726572046984,4.8983810669770875,1.0650765035143324,1.1056701637374216
1,8,1,4,2,,-10.0,-2.71,9.82548775620497,-10.0,-10.0
5,6,1,4,1,0.4213548677624605,0.08521152286765414,1.2892930744369926,0.6863419479122013,0.36375600881440395,0.3908877190034389
4,8,1,4,2,,0.11600835296171991,0.9925683048547955,0.023799876800486796,0.06726962582403563,-0.018756380421657975
3,8,1,3,2,,-1.30708673799676,-0.46872072210995624,1.107454217528708,0.09718923929113527,-0.9108574672684203
2,7,1,3,1,-0.5961171044056314,-2.738863183125,-9.75,-3.935373892671221,-2.668988499697698,-2.7615
2,6,1,3,1,-3.6573461348438645,-2.809697301323313,-2.6525906589491854,-2.915685772154524,-6.560299708727925,-2.1038921344002635
1,5,1,3,1,-10.0,-10.0,-4.5049272940600185,-0.7830290635592168,-8.2,-10.0
4,0,2,4,1,-4.712601750939841,-4.734738604906796,-4.8413687994285155,-4.791861341691713,-4.745721058404342,-1.797596349356057
3,5,2,4,2,,-0.75,1.0185080079947815,-0.3671581535290428,-0.491061175768402,-0.23037474768589727
1,7,2,4,2,,-10.0,4.231764616756934,-8.0,-4.429280077541344,-10.0
1,4,3,4,1,-10.0,-10.0,-1.4927040035505312,-10.0,3.919584313192779,-10.0
5,4,3,4,1,-0.6927208926065497,-3.6446710063937333,-3.136172095418038,-3.6846371666175335,-3.1944304714128724,-3.5139752320697757
3,7,3,4,2,,-9.046,-3.5635301121551333,5.414944484558505,-4.400250194066013,-2.3295190962430476
1,6,3,3,2,,-10.0,-10.0,-10.0,-10.0,5.509135885249114
4,1,1,4,0,-0.42006076916129254,,-0.5867245634770369,-1.3881388563639816,-0.49477800239803316,1.7095128930015762
2,1,1,4,0,-7.106632899047069,,-0.997435570187378,-1.84448514272136,-3.5757820381538368,-2.803977458105189
1,1,1,4,0,-10.0,,-3.5733359646783884,-4.941453683930947,4.491684121593295,-10.0
1,0,3,4,1,-10.0,-10.0,-10.0,-10.0,-10.0,-10.0
5,7,2,3,1,-1.280322615593367,-0.8276224289066975,-1.2394304954767867,-1.3958166089766821,-1.1962392275828921,-1.1684959496459093
3,7,2,3,1,-3.7205243901561835,-3.91277325,-3.9603713768095856,-3.6943477881352917,-3.7099818073136914,-1.6079227712726216
1,7,2,3,0,-10.0,,-10.0,-10.0,-10.0,-10.0
1,6,2,3,2,,-10.0,-10.0,-10.0,-10.0,2.273996135186491
1,2,2,3,0,-10.0,,-10.0,4.676595685007922,-8.379999999999999,-10.0
3,5,3,4,1,-2.6645806864928234,-10.0,-10.0,-8.518359501951554,-9.525,-8.338166222350576
5,3,2,3,1,0.0,1.1173651281206574,1.0881605443311135,0.8896772423139319,1.062582799472258,1.7999503110841495
3,2,2,3,1,-1.425,3.894121657964585,-1.425,-1.425,-0.75,-2.0325
1,2,2,3,2,,-10.0,-10.0,-10.0,-10.0,-10.0
3,8,1,3,1,0.40279354173252546,-1.649411754731597,-1.1807727920201363,-1.3790462092499998,-1.334324163770108,-0.9051949247604112
5,5,1,3,1,0.007477965398551918,0.15098863329040282,0.6383195947453799,0.12350473794793024,0.20347412217313596,0.23485064988695625
4,4,1,3,1,-0.07760905335597708,0.2115477665180307,0.15521076596416092,0.7894220190134865,0.4971873104401501,0.26145400469157937
3,3,1,3,1,-1.5450928464234377,0.5801360065844671,-1.625850147949872,-0.21429046448978667,-0.31647913224385316,-0.10021125576581336
2,2,1,3,1,-3.6871619720812503,0.1665657024962015,-2.818902802505441,-2.913256576595812,-3.3710049126702915,-9.704324987765787
1,2,1,3,1,-10.0,-10.0,-10.0,-9.999893278451792,-10.0,-10.0
3,3,2,4,1,-1.3191228958653771,-1.77906241013925,-0.05154360858587051,-0.9229185534108991,-1.075373466658656,-1.1624133436674118
4,6,1,4,2,,0.22921598145283972,0.4481547122721714,2.2556520314764428,0.0,0.5470462353811519
3,8,1,4,2,,-0.9954182430583678,0.3344972987526329,0.32910032881821233,2.309988918256591,0.6979744152795838
2,8,1,3,2,,-3.3916915949311575,2.5655175263952366,-0.999393278069005,-1.2883576191146378,-1.1798016555686353
1,7,1,3,2,,-10.0,-0.18934681137937415,-10.0,-4.741999999999999,-3.836313978827155
5,3,1,4,1,0.1895254973259925,0.005100797504646968,0.21027527230679952,0.01880447981378252,0.9257823530231362,0.17377770919078075
4,3,1,4,2,,-0.13203605092621767,0.9451632559549694,-0.1164283951788017,-0.10212698672753934,-0.07363795058056496
3,0,2,3,1,-1.3575000000000002,2.99109783443528,-3.116708438603093,-0.75,-0.75,-1.425
1,1,2,4,0,-10.0,,2.7964230827842838,-8.0,-3.7740452691509354,-10.0
5,2,3,4,1,-3.872839674617378,-4.309900280418638,-3.4985981951885563,-4.036769468987493,-3.0666089556056786,-3.8178131817943597
5,7,1,3,1,0.0012600526868300184,0.22738164158879054,0.06587634694947325,0.13332711634109745,0.08180708869166804,0.08680255226755189
4,6,1,3,2,,0.0,0.0,0.561892121922735,-0.09074444610586141,-0.03221589418736242
3,5,1,3,2,,1.168775293457523,-1.4098125000000001,0.0,-0.75,0.0
2,5,1,3,2,,0.30844681699186405,-2.7648750000000004,-9.73633125,-2.8042499999999997,-2.9713125
1,4,1,3,2,,-10.0,-10.0,-9.8523775,-10.0,-10.0
4,2,2,4,2,,-2.2195033170930385,-2.9467925132720887,-2.9552573685037933,-3.0803538623494777,-3.038686956190828
5,1,1,3,1,0.18140851965907417,0.16872230617547582,0.3408561281686833,0.7431701914711802,0.203823081540353,0.3675884014248118
4,0,1,3,1,-0.034512559237075295,0.15267661925704618,0.2912086378263942,0.2954469353645227,0.25065217426895386,0.25890753396773625
3,0,1,4,1,-1.8129013716025588,-1.419558712437594,-1.712774852726856,-1.7871527753737104,-1.3377690480861597,-1.2498262342605473
2,1,1,4,1,-3.05765625,-1.2356360144508591,-2.4852716065708886,-9.087106871666212,-3.00860499748125,-10.0
4,7,2,4,1,1.4724406718413916,-0.264,-2.710463103515228,-1.546447594577971,-1.2672260832548266,-1.3895506714282835
1,2,3,4,2,,-10.0,-10.0,-10.0,-10.0,-10.0
4,3,2,4,1,-5.442970766362549,-5.559332711949084,-5.527112028328526,-5.484610728177971,-2.6058439740611985,-5.6888888212828395
5,0,1,3,1,-0.025443171015236042,0.7272095972529126,0.0013009533382416227,-0.06011330837844773,0.0663140341441558,0.03146530820437718
4,0,1,4,1,-0.8152763760598255,-0.6858360516643641,0.31396695365872984,-0.6651610039178482,-0.6225095878636782,-0.619033213089148
4,6,2,3,1,-2.438028276642431,-1.9868213372532206,-1.7916040649941465,-1.5153358647018793,-1.9656549539034553,-1.7434231737592982
2,5,2,3,1,-9.775,-8.945736563207698,-8.2,-8.032584148086492,-4.987155149431674,-4.955722631816819
3,1,3,3,0,-3.3519900000000002,,-8.181254054885649,-8.844049879812456,-4.088642500000001,10.23313511622907
4,0,1,4,0,-0.3787374007453591,,-0.4520875164849673,-0.6601713316071631,0.9756856968201142,-0.4523866415319068
2,2,1,4,0,-7.512025105141204,,-5.716203235610421,-7.2353652729972735,-7.128856605678608,-7.082239298704436
5,1,1,4,1,0.815878448905962,-0.0804995934330275,0.1407278891547239,-0.15895972686099552,-0.06394375337079426,0.07307903858171404
3,4,1,4,2,,1.6545122123080265,-1.5958618793809838,-1.5789935567892517,-1.5852348666403555,-1.8139514187387584
2,5,1,4,1,-3.052281021756215,-5.518395244725681,-9.3225,-5.3490099147224255,-5.313581981434026,-5.456088770894694
1,8,2,4,0,-10.0,,-10.0,-10.0,-10.0,-10.0
1,4,3,4,2,,-10.0,-10.0,-10.0,-10.0,-10.0
1,2,2,3,1,-10.0,-10.0,-10.0,-10.0,-10.0,-10.0
2,5,2,3,2,,-7.1760266862341116,-10.0,-9.75,-10.0,-7.18371617905351
4,7,2,3,2,,-0.9676977858876659,-2.9091298924428513,-2.5437960414654777,-2.7225303772341873,-2.897099233060036
2,6,2,3,1,-5.92329511,-5.75927011,-4.872496268001727,0.3574818648137754,-7.151524316203991,-10.0
1,5,2,3,1,-10.0,-10.0,-10.0,2.3668576837502364,-10.0,-10.0
4,1,1,3,1,-0.05810726656126415,1.9343509574109226,0.6184665240694984,0.43190220137572843,0.0,1.1435057071755546
3,1,1,3,2,,-0.5997735539417646,-0.10687500000000001,-0.05625,-0.75,-0.05625
2,0,1,3,2,,-1.425,-2.0325,-1.9,-10.0,-2.0325
1,0,1,3,2,,-10.0,-10.0,-10.0,-10.0,-10.0
5,0,2,3,1,-1.6342419321656165,-1.587112448907287,-1.6306991334856615,-1.6009448719464512,-1.606075994003953,-0.8311176130844067
4,0,2,3,1,-4.029905415652327,-3.9021018566826786,-3.9029515307100238,-3.922782050360079,-4.088479552665234,-4.029890636431562
2,0,2,3,1,-7.616434892685359,-10.0,-10.0,-10.0,-10.0,-7.764557692240458
1,0,2,3,1,-10.0,-10.0,-10.0,-10.0,-10.0,-10.0
3,2,2,4,1,-1.425,-1.5896325,-1.2078083260388617,-0.8879938564274081,-1.0498055524963894,0.07181381273355164
4,2,1,4,1,-0.2874868107780438,-0.03725148029379871,-0.1757944503925882,-0.23933999989691981,2.1058620917378628,-0.19024592546599192
3,2,1,4,1,-2.6192106726072524,-1.8389486198799867,-1.1804178519592843,-1.735956411556216,1.588789677028166,-0.9384725299668573
2,3,1,4,1,-2.430343372093948,-3.825289222977955,-1.4343312844068825,-2.28689785378447,-0.23439511918570077,4.762143689037271
1,4,1,4,1,-10.0,-10.0,-4.479799999999999,-3.3991752395784225,12.7686114965865,-9.25
1,5,1,4,1,-10.0,-10.0,-9.775,1.7517089499954204,-10.0,-10.0
1,3,2,4,1,-10.0,-10.0,-2.6080504435492706,-10.0,-4.885860763385141,3.298709089808745
1,1,3,4,1,-10.0,-10.0,-10.0,-10.0,-10.0,-10.0
3,1,2,3,2,,-0.75,0.0,-0.75,-0.75,0.0
4,3,2,4,2,,-4.745489723898428,-4.737192545114294,-4.841657347074918,-4.946814830067313,-4.922261378419167
2,4,2,4,2,,-10.0,-9.749731944335378,-9.647845450644848,-9.762538607570075,-10.0
5,7,3,4,1,0.13101024985750698,-4.1712348989145855,-3.8056670494601983,-4.3466744836617055,-4.408221911004163,-4.847424951529375
1,8,3,3,1,-10.0,-10.0,-10.0,-10.0,-10.0,-10.0
1,6,2,4,2,,-10.0,-1.2609037142740158,-10.0,-10.0,1.6009609106544502
3,7,3,4,1,-7.432059495036811,-9.75,-10.0,-10.0,-7.283274432436233,-10.0
5,1,3,3,1,-4.4196504709227336,-0.2868428338200785,-4.220318010752954,-4.167803969620031,-3.4319368311508014,-4.006332260869979
4,4,1,4,1,1.282028138274577,-0.302164676511928,-0.3617241012704552,-0.009326190774205767,0.047031502563036676,-0.2075985121293134
3,5,1,4,1,0.22785715753345231,-1.9201619365359155,-1.8271313128725077,-1.7712231919686445,-1.6251366719499374,-1.2337205497803085
1,6,1,4,2,,-10.0,-8.379999999999999,-9.280759445470972,-6.819019999999999,4.6246156331417
5,2,1,4,1,0.006371549393552845,-0.0020959001408496097,0.28553095465583833,0.9464741559839662,0.10545550166410574,0.17262723359405513
4,3,1,4,1,-0.23022065282957477,-0.13595819100568424,-0.13745685908390667,-0.1923380914617276,-0.2685666373655178,1.2806871323547668
3,5,1,4,2,,-0.9017176091424981,-0.5136637311177099,-0.7153612748410951,1.2219660529426932,-0.3520382653471398
2,6,1,4,1,2.695513485392796,-9.0,-3.5141925,-2.2824999999999998,-3.48535,-2.2824999999999998
3,5,3,3,2,,-7.875107347080009,-7.8060024343251175,-10.0,-10.0,-10.0
3,7,3,3,1,-9.75,-9.7975,-8.578233782682029,-4.503248749244917,-10.0,-10.0
3,6,3,4,1,-9.105688460174415,-9.030709178009598,-10.0,-10.0,-10.0,-9.089782974187969
3,4,1,3,2,,-0.5075865460528471,-0.903754129359375,-0.8385623975390625,-1.00899814546875,-0.9429808585421201
1,3,1,3,1,-10.0,-10.0,-10.0,-10.0,-10.0,4.283563482759669
3,0,3,4,1,-9.553606056636314,-7.913166839518612,-10.0,-9.75,-10.0,-10.0
3,7,1,4,1,2.746195812301932,-0.73125,-0.75,-0.75,-0.75,0.0
2,8,1,4,2,,-3.874697821513242,-0.20198782584794397,4.91921196861563,0.017769574925372345,0.028643143580904223
1,8,1,4,1,-10.0,-10.0,-10.0,-10.0,-10.0,-10.0
5,4,1,3,1,0.0,0.37448185705777876,0.42588892415780605,1.1388286309084796,0.4553939861822208,0.6788661573746487
4,4,1,3,0,,,0.0,0.0,0.31898607482340857,-0.004681436959198398
3,4,1,3,0,-0.01772105486638023,,-0.02240433556469207,0.5131321502427307,-0.21342854712277093,-0.3389457070282567
2,3,1,3,2,,-2.5591955580423105,-2.5075000000000003,-2.71274877046875,-2.55698360625,-2.2824999999999998
1,0,1,4,1,-10.0,-9.954560198278797,-10.0,-10.0,-10.0,-10.0
1,7,1,4,2,,-9.81775,-3.7281278160544415,-2.8781603705614245,2.292581672646467,-10.0
3,3,3,4,1,-10.0,-8.303984776459213,-6.052554394505321,-4.52040486309679,-8.0,-6.826170607228532
4,5,2,4,1,1.2696633052902015,-1.9837558640937534,-2.892146982991814,-1.480351478937389,-1.4621101273982158,-2.101744480735935
2,7,2,4,1,-5.845428421319883,-10.0,-10.0,-10.0,-10.0,-6.163093099
3,1,1,3,1,-0.675,3.7866320206337427,-0.7064351785875749,-0.088719375,0.26559937946675766,-0.800625
2,1,1,3,1,-9.75,1.641113272545414,,-1.425,0.0,-0.75
1,0,1,3,1,-10.0,-10.0,-10.0,-10.0,-10.0,-10.0
4,1,2,4,1,-2.904156273906511,-3.28427849648562,-2.439958243420661,-2.845080760099206,-0.9719916451280093,-2.453849199276484
2,1,2,4,0,-8.847354610270932,,-9.775,-10.0,-6.799369241927716,-8.665200829132827
3,2,1,4,0,2.728790039747505,,-1.084301756095834,-1.8227517809522287,-1.21620898813643,-1.8062602151955454
3,5,2,3,1,-2.57925,-2.0588691814245657,-0.740832377375514,-0.31944145895668286,1.06164971042471,-0.6824406957712807
2,4,2,3,1,-9.7975,-10.0,-5.463019404015134,-10.0,-10.0,-2.259352912953047
3,4,1,3,1,-1.0907144024302273,-0.953684082834105,0.7875482041334092,-0.896482545588891,-0.97636921774089,-1.7707408314588768
2,3,1,3,0,-1.9522055954116415,,-2.279687882169987,-2.3939741065679447,-2.252236123387072,-1.677738347251789
1,2,1,3,0,-10.0,,-8.2,-0.9803680813594089,-4.716064903575454,-10.0
1,4,2,3,0,-10.0,,-10.0,-10.0,-10.0,-10.0
1,7,2,4,1,-10.0,-10.0,-10.0,-10.0,-10.0,-10.0
3,3,2,3,1,-3.430047675,1.6008934425940482,-3.2615800819199556,-1.792587387085645,-1.425,-2.0325
1,3,2,3,0,-10.0,,-10.0,-5.25132243443793,-10.0,-10.0
5,2,1,3,1,0.09950893875294284,0.39551749770553657,1.328151833569033,0.10330466193045008,0.7210843379005185,0.6447228220465925
4,1,1,3,0,,,,2.71224409166971,,
3,1,1,3,0,0.6395530552294036,,1.8837777619584635,2.1412546298238313,4.015037363512046,2.6585515381811256
2,0,1,3,1,-1.425,2.9116960706018125,-1.33567358625,-2.22175,-2.0325,-2.1717180632183366
4,7,1,3,1,-0.2812532006767752,-0.20809601427963104,-0.1853739435205284,-0.20234463047284718,-0.23474784990245795,-0.21894196910946587
3,7,1,3,1,-1.507667399088389,-1.998639446161051,-1.7309216396071632,-2.026232602928151,-1.5465240300578527,-1.6405630304459138
1,4,1,4,2,,-10.0,-10.0,-10.0,-10.0,-9.950699305900839
2,3,2,3,2,,-8.900355578283348,-10.0,-10.0,-10.0,-10.0
3,2,1,4,2,,0.8019253167429603,-1.2775718647045875,-1.9349219927442851,-1.1179282551992644,-1.5263243602637955
1,2,1,4,1,-10.0,-10.0,-10.0,-10.0,-10.0,-2.869489177360084
2,0,2,4,1,-10.0,-10.0,-10.0,-10.0,-9.35384735976917,-9.31212638511127
3,6,2,4,2,,0.0,2.597012099966821,0.0,0.0,0.0
5,3,1,3,1,0.0,0.39578740741349533,0.6251399977591338,1.5224221855279196,0.33318667775658206,0.8676902495791193
4,2,1,3,1,-0.018407394593335482,2.5184356911053953,1.1296848405811035,0.8674090031421029,1.2473436786130796,0.5290936526541032
2,1,1,3,0,-1.4145510222474011,,1.9829290893484957,0.895627661747473,2.3753519904028884,5.0360444981409165
3,8,2,3,1,1.8668389021288803,-3.0221175000000002,-3.1989982549742906,-3.0100002525258773,-2.5870316696073647,-2.8372731154448623
1,6,2,3,1,-10.0,-10.0,-10.0,-5.691582528215431,-10.0,-10.0
2,0,1,3,0,-3.9395059587157126,,0.7713448384601433,0.45788095223101455,0.13852836444208855,4.152703276269904
1,0,1,4,0,-8.649148282327008,,-6.541999999999999,-10.0,-5.679117999999999,-0.23815569465424713
3,1,1,4,1,-3.0385221873456305,-2.6007416203672795,-2.3265583268581724,-2.3005469700985164,-3.3932542264298267,0.7329136918836456
2,2,1,4,1,-4.16277325,-4.879460019612965,-3.685699073714004,-10.0,-4.578096441700619,2.588035843124771
4,3,2,3,1,-1.9227098792949633,1.869398318025835,-1.5456882250729553,-3.3686319846179282,-2.041833563581106,-3.2018117115352296
1,0,2,4,1,-10.0,-10.0,-10.0,-10.0,-10.0,-10.0
1,5,1,3,2,,-10.0,-9.998549351438733,-10.0,-10.0,-10.0
3,5,1,4,0,-0.9621621039597703,,-0.8102055966199754,-0.75,-0.9206568910658044,-1.425
2,6,1,3,2,,-1.086515739370778,-4.503553162364223,-4.893158174055518,-4.665469962701105,-4.237820517485363
1,6,1,3,2,,-10.0,-5.898124877140539,-10.0,-10.0,-0.20482567872480728
4,7,2,3,1,-3.1900291175166022,-3.4567380754654233,-2.8634454143716144,-0.9256882054351435,-3.0018469835308608,-3.059938285900267
5,8,3,4,1,-2.943393459357401,-5.4796116077534,-4.871452578511815,-5.144146362077344,-4.847760441426707,-5.042118731132116
1,8,2,3,2,,-10.0,-5.122,4.946291570477454,-4.691363644897028,-10.0
4,1,2,4,2,,-2.0531029028090932,-2.4702743883638787,-2.077903492067442,-2.225642987939119,-2.2988838500144313
2,1,2,4,2,,-9.75,-10.0,-10.0,-8.279700338684904,-8.414496497038563
1,2,2,4,2,,-10.0,-10.0,-10.0,-10.0,-10.0
3,0,1,3,1,-1.4743003614278587,2.784958865140232,-0.75,-1.2509276030181633,-0.75,-1.2619927967093605
1,0,1,4,2,,-10.0,-10.0,-10.0,-10.0,-10.0
4,2,2,3,1,-0.5258759726392501,2.5490491009435194,-0.5524476752486445,-1.9949133815793898,-1.3135369437924136,-1.678371434248125
5,8,1,3,1,0.42061797588444616,-0.00038937768498277124,-0.028887478362909377,-0.02843545292813015,-0.0020732754387433492,-0.015536363232278874
4,7,1,3,2,,0.04244880271252752,,,0.6793000652060904,0.0
3,6,1,3,2,,1.537847601204304,-0.7346535513801581,-1.4248656806887716,-0.2622279560040224,-0.26227373856391534
1,4,1,3,1,-10.0,-9.438962505118294,3.3263386431737954,-10.0,-5.229799999999999,-5.70682
3,6,3,3,0,-10.0,,-10.0,-10.0,-10.0,-9.55139282968191
5,8,1,4,1,0.48367493247837434,-0.011350285552588763,0.0028215349526500427,-0.13322328282095375,-0.034864706982229446,-0.0074032557912969005
4,8,1,4,0,-0.15402211846362962,,-0.012571875000000003,0.0,-0.006558271875000002,-0.05625
3,8,1,4,0,-0.7390175869671657,,-0.5429817000000001,-0.325261125,-0.25632000000000005,-0.8175000000000001
4,2,1,3,2,,0.2293319697270495,0.0,0.0,0.0,0.0
3,2,1,3,1,-1.2842359874528362,2.883606949369406,-1.0598175649278907,-0.543770905605236,-0.7629841524989904,-0.8650371741754459
1,1,1,3,1,-10.0,-9.89843593624474,-10.0,-10.0,-10.0,-10.0
1,3,1,4,2,,-10.0,-10.0,-10.0,-10.0,-10.0
3,3,1,3,0,,,,1.3618034807191728,0.0,0.0
2,2,1,3,0,-1.3685679010319158,,0.24248906162552947,1.6246636237559144,0.44888716840417286,-0.1271986764348254
1,1,1,3,0,-9.738390024719335,,4.881754142431523,-10.0,-1.7988729799478338,-8.0
1,4,2,3,2,,-10.0,-10.0,-10.0,-10.0,-10.0
3,1,3,4,1,-10.0,-10.0,-10.0,-10.0,-9.64249454147912,-9.023369410387653
1,2,1,3,2,,-10.0,-10.0,-10.0,-10.0,-10.0
1,1,1,4,1,-10.0,-10.0,-10.0,-10.0,-10.0,-10.0
5,5,3,4,1,1.644776537382873,-2.8849136001375406,-2.877858206625116,-3.0133677545030255,-3.345211892823339,-3.22022860618924
3,7,3,4,0,-10.0,,-8.764578726171887,-10.0,-10.0,-10.0
5,8,2,4,1,0.376032592812245,-1.4493822829842105,-0.8612891675113531,-0.8872484124876778,-1.216568837865129,-0.8807909556347946
4,8,2,4,1,2.5481245303959867,-3.5856800050014837,-3.527473199074849,-3.9332548901599163,-3.5282242092021923,-3.69067745382917
2,8,2,3,1,-8.083890438095453,-10.0,-10.0,-9.75,-10.0,-10.0
4,6,1,3,1,0.10583633651685853,0.015864906393861823,0.09699496626564429,0.10557595520983283,0.7854216858448382,0.06679555710151777
2,4,1,3,2,,0.1443075144250721,-1.425,-0.75,-0.75,-0.75
4,0,1,3,2,,1.3267858500392378,-0.07902403157351919,-0.17731129390944123,-0.1064778334643236,-0.05625
1,6,3,4,0,-10.0,,-10.0,-10.0,-10.0,-10.0
4,1,2,3,0,-0.5269415743810425,,0.3571333536315827,,1.5182776356472008,0.5399623391148187
2,0,2,3,0,-4.9862595472589035,,-3.1574991783823725,-9.186240559220508,-3.4165247837157557,2.255095123922034
1,1,2,4,1,-10.0,-10.0,-10.0,-10.0,-10.0,-10.0
1,2,2,4,0,-10.0,,-10.0,-2.9525835362858666,-10.0,-10.0
3,7,3,3,0,-10.0,,-10.0,-8.510639699149651,-10.0,-10.0
3,7,2,4,1,3.7871421063620283,-0.18806250000000002,0.0,-2.0325,-0.6445962137356291,-0.75
1,8,2,3,1,-10.0,-10.0,-10.0,-10.0,-10.0,-10.0
3,8,2,4,1,2.4993454150276224,0.0,-1.8353693866353349,-2.57925,-1.9190843023639133,-1.425
1,0,3,3,0,-10.0,,-10.0,,-10.0,11.23939957714402
1,7,2,3,2,,-10.0,6.234279662610497,-9.25,-3.315352136715613,-8.2
4,6,1,4,1,2.3137685583926073,0.0026325063011615624,0.7879433384689914,0.29468798503331295,0.5272633588550408,0.5861478963559079
2,7,1,4,1,1.4899212234134354,-0.75,-0.75,-0.75,-0.75,0.0
1,8,1,4,0,-10.0,,-10.0,-10.0,-10.0,-10.0
4,8,1,3,1,-0.6799377618246311,-0.7716625051029407,-0.8007486243085289,-0.828972975808933,-0.4849799890085552,-0.7798678717346532
1,6,1,3,1,-10.0,-10.0,-10.0,-5.15757880051955,-10.0,-10.0
1,4,2,4,2,,-10.0,-10.0,-10.0,-10.0,-10.0
2,7,2,3,0,-10.0,,-10.0,-10.0,-9.334363017386234,-10.0
3,3,2,4,2,,0.4454095087605234,-0.488595059149634,-1.0507279964772676,-1.0782619979112036,-1.3762480231128094
1,5,2,4,1,-10.0,-10.0,-10.0,1.4965698759890003,-10.0,-10.0
2,2,2,4,2,,-10.0,-8.796621712843816,-10.0,-10.0,-10.0
2,8,2,3,2,,-9.014307752525877,-4.459305643372918,-7.2378142496042575,1.404931341932921,-8.258111499360965
1,7,3,4,0,-10.0,,-10.0,-10.0,-10.0,-10.0
1,4,1,3,0,-10.0,,-10.0,-9.775,-10.0,-10.0
2,7,1,3,2,,-3.5512373472354857,0.8702470470122505,-1.954723097629417,-2.4433185161972726,-1.8235232546235323
1,1,2,3,0,-10.0,,3.4869654797939593,-10.0,-2.3919574026035084,-10.0
2,8,1,4,1,1.0357934839757064,-0.75,-1.348038521998442,-1.302825,-10.0,-1.3618096697985977
1,8,1,3,2,,-10.0,-6.379999999999999,0.018614699986752248,-8.379999999999999,-10.0
4,6,2,4,2,,-1.9555053116455743,0.9042135433968593,0.0,2.753256206854887,-0.034653290027828375
2,8,2,4,2,,-10.0,-8.818325306425079,6.998480799237399,-7.138192290529825,-10.0
2,3,1,4,0,1.646778959838306,,-3.4915147331940894,-9.75,-3.253575,-3.4988835
4,3,1,3,1,0.0,0.24794291298638582,1.136171186706834,1.672668046195254,0.45288558187529443,0.6443505703433223
1,7,3,3,1,-9.25,-10.0,-10.0,-10.0,-10.0,-10.0
5,7,3,3,1,-4.443084875597874,-4.2364241982470965,-4.252969719636607,-3.718029411807731,-1.362948146214071,-4.2722893157962645
1,5,1,3,0,-10.0,,-10.0,-10.0,-10.0,-10.0
1,4,3,3,1,,-10.0,6.060245868685898,-10.0,1.028512379964687,-0.2596005310078
3,1,2,4,1,-4.165628699580391,-4.00623746899523,-4.1352369355148735,-2.640757014716252,-4.374981264187315,-4.08758385362972
2,8,2,4,1,-10.0,-9.291908638162164,-10.0,-10.0,-10.0,-10.0
1,3,1,4,1,-10.0,-10.0,-6.0112160008274245,-10.0,-4.357958883488596,4.641131763913187
2,5,1,3,1,-9.123025665363711,-1.425,1.767783927430766,0.2751912748285058,0.557949292469455,-1.1603910101499089
3,7,1,4,2,,-0.33796592816182436,3.7645772926055723,1.3794720290885583,1.4420603033383506,1.1024446428791812
1,5,3,4,1,-10.0,-10.0,-10.0,3.0993706882813523,-10.0,-10.0
5,4,2,3,1,-0.061906129270181395,2.0601128079996234,-0.11143727840506845,0.12946770807572766,-0.11626478375243894,0.1209359859272153
3,2,2,4,2,,0.7937125431789328,-2.57925,-2.57925,-3.2391743432989375,-3.071325
1,3,2,4,2,,-10.0,-10.0,-10.0,-10.0,-10.0
3,1,3,3,2,,-7.184217472462343,-10.0,-10.0,-10.0,-10.0
4,7,1,3,0,-0.3717523865946235,,-0.40905411252616203,-0.5151528780353033,-0.6265401120333995,-0.3858151216361113
3,7,1,3,0,-1.1607356369109831,,-0.9357930128834372,-1.5039336814870328,-0.9820365391359053,-1.0782364676546128
2,7,1,3,0,-10.0,,-4.038334654601246,-4.514148765144766,-3.9089127912732256,-4.168870863389021
1,7,1,3,0,-10.0,,-10.0,-10.0,-10.0,-10.0
1,4,2,3,1,-10.0,-10.0,-8.0,-10.0,2.8543098127933795,-10.0
3,0,1,3,2,,-0.7188538053939227,-0.2282675952161391,-0.26094375000000003,-0.75,-0.7830400175692631
2,0,1,4,2,,-3.007827331043859,-3.0390744193468042,-2.5637809656944457,-2.5721463270028764,-2.5637809656944457
1,1,1,4,2,,-10.0,-10.0,-10.0,-9.84964098655001,-10.0
1,2,1,4,0,-10.0,,-10.0,0.8594116167722918,-10.0,-10.0
4,1,2,3,1,-2.4578199562556517,1.499296703520984,-0.7128756326245842,-1.551783029916788,-1.6050413947127926,-1.4511361455813536
2,1,2,3,0,-9.247445084505806,,-7.650980669450173,-10.0,-3.433155319589879,5.156337470045534
4,2,1,4,0,-0.29836309353307594,,-0.27480750212106503,0.6556491545368084,-0.3124833859569844,-0.2269034639049446
2,1,1,4,2,,-2.7852093925800046,-4.115290028334302,-10.0,-4.034727480571535,-4.067482509785035
3,8,1,3,0,-0.9429862327464851,,-0.9008625,-0.701236390873828,-1.1614435805159973,-1.3409446080145297
2,3,2,4,1,-10.0,-9.6498775,-2.860164947688452,-8.2,-6.887799999999999,-6.2
1,3,3,4,1,-10.0,-10.0,-10.0,-10.0,-10.0,4.308820522348315
3,6,1,4,1,3.391930591459448,-0.049702359375000005,-1.1708966410078332,-0.5298393149562488,-0.6454316557641044,-0.432304782094783
1,7,2,3,1,-9.25,-10.0,-10.0,-10.0,-10.0,-10.0
4,0,2,3,2,,-1.6274921241467628,-1.6936107561589626,-1.5624738358025505,-1.616661980758884,-2.0285036079234695
1,2,1,4,2,,-10.0,-10.0,-10.0,-10.0,-10.0
3,0,2,4,1,-1.979104175116242,1.272100684119335,-2.0325,-2.336365722139784,-1.9091398742941417,-2.6208464707685972
4,4,1,4,2,,-0.10643233691511418,-0.031502133858475334,-0.057653864012189054,-0.0055890864607402325,0.5832201514440966
1,8,1,3,0,-10.0,,-10.0,-10.0,-10.0,-10.0
4,2,1,3,0,0.0,,,0.0,0.0,2.18748127233159
3,5,3,3,1,-10.0,-8.355073951920401,-10.0,-8.0,-8.468814616500001,-3.9497425801145565
3,6,2,4,1,4.037630793764315,-2.57925,-2.513588493718512,-3.5141925,0.0,-1.3718141799119947
1,8,2,4,1,-10.0,-10.0,-10.0,-10.0,-10.0,-10.0
4,4,2,4,2,,-4.007099816326772,-3.920137869833426,-4.09212664706811,-4.019931161853837,-3.071466366491714
1,7,2,4,0,-10.0,,-10.0,-10.0,-10.0,-10.0
2,6,2,3,0,-8.58577697474526,,-10.0,-10.0,-10.0,-10.0
1,3,3,3,1,-10.0,-10.0,-10.0,-10.0,-10.0,6.719964465195028
4,4,2,3,1,-4.454294459929602,1.0644506443620458,-4.409081079233993,-3.914242712396307,-3.4897759226496516,-4.318776016672818
2,2,2,3,1,-10.0,-10.0,-10.0,-10.0,-10.0,-9.828258193612745
3,6,2,3,0,0.05648568590790698,,-2.0325,-0.75,-0.75,-1.6152257619394033
2,7,2,4,2,,-9.775,-8.0,6.124233951990566,-8.379999999999999,-8.256591370260148
3,8,3,4,2,,-8.785029261,-5.020522302733296,0.6933180014676132,-5.1944078562232825,-5.445890787068573
3,3,1,4,0,1.9756198650275034,,-0.75,-0.75,-0.9157933816869123,-0.05625
2,4,1,4,0,1.180211801140059,,-1.425,-10.0,-1.425,-1.3575000000000002
1,6,1,4,0,-10.0,,-10.0,-10.0,-10.0,-10.0
2,1,2,3,1,-10.0,-10.0,-10.0,-10.0,-9.096846322937925,-10.0
1,5,2,3,2,,-10.0,-10.0,-10.0,-10.0,-10.0
1,3,2,3,2,,-10.0,-10.0,-10.0,-10.0,-10.0
2,2,1,4,2,,-9.75,-5.94214146538263,-6.2524704499981745,-5.854847949998175,-10.0
5,3,1,4,2,,0.0,,0.0,,
3,0,1,4,0,-1.1310064359091174,,-0.2424639041054727,-0.1642832181885386,1.5569746255742052,0.046450770546027725
4,5,1,3,0,0.05320247936361411,,-0.007759498930446201,0.2804170115914091,0.014636596474615328,0.0
3,3,2,3,2,,-1.425,-1.52675625,-1.425,-1.0001600625,-1.425
3,8,3,4,0,-10.0,,-7.0592791814386935,-10.0,-9.0,-10.0
1,6,3,3,0,-10.0,,-10.0,-10.0,-10.0,-10.0
2,5,2,4,1,-10.0,-10.0,-9.81775,-9.81775,-10.0,-9.483672854282606
3,0,1,4,2,,-1.3416372208275513,-1.224352172457312,-1.2076952061030626,-1.2498256789732682,-1.1138390388797226
4,3,2,3,0,-0.49776705293250006,,-0.6807157754504899,0.2786604554815829,1.9490779710749735,-0.11661503747720367
2,2,2,3,0,-9.75,,-3.68460448281816,-4.887799999999999,3.209875351359919,-4.967000286041506
3,6,1,3,1,-0.8923219156380419,-1.6442655067859628,0.29402835525129695,-0.4451731838665293,-0.29077097892622034,-0.5631322258856951
3,3,3,3,2,,-5.217031,-10.0,-9.0,-4.803158509795676,-10.0
1,2,3,3,1,-10.0,-10.0,-10.0,-10.0,-10.0,-10.0
3,4,2,4,0,-4.68892777881802,,-4.5943463325,-4.88491169925,-4.817498525815807,-4.5943463325
1,5,2,4,0,-10.0,,-10.0,-10.0,-10.0,-10.0
1,1,1,3,2,,-10.0,-10.0,-10.0,-9.948527216976338,-10.0
4,4,1,3,2,,0.0,0.0,0.0,0.004680106315246899,-0.15079919373002815
3,4,3,3,2,,-8.513176639984275,-9.75,-10.0,-10.0,-10.0
4,6,1,3,0,0.4634940671270501,,0.0,-0.013302331519974151,0.035107126311051985,0.0
3,5,2,3,2,,-1.078782889932324,-0.75,-0.75,-1.425,-1.425
3,8,3,3,0,-10.0,,-8.420960201833598,-10.0,-10.0,-10.0
3,5,1,3,0,0.5518903936865335,,,-0.011016673017522016,0.0,0.0
4,8,2,3,0,-1.966818445811008,,-2.4251957592377953,-1.936346774849503,-2.341188469845508,-2.092649562167123
3,6,2,3,1,-0.8694947648541709,-1.425,-0.7243313371876672,-0.2804893455188865,-0.8149766681110832,-0.47564968212366754
2,6,1,4,0,-10.0,,-10.0,-4.365998709999671,-3.888363754755494,-4.325814861237115
4,7,2,4,2,,-0.6909923865135137,,,0.47177220210529547,2.816540795605479
1,6,3,4,1,-10.0,-10.0,-10.0,-10.0,-10.0,-10.0
1,0,3,4,2,,-10.0,-10.0,-10.0,-10.0,-10.0
4,5,2,3,0,-3.4545463146305995,,-3.5473597234901733,-3.65903059224474,-1.5793262218663489,-3.7100473131894747
2,4,2,3,0,-10.0,,-10.0,-10.0,-9.579902088455906,-9.275845125454682
3,7,2,3,2,,-1.1556067280344018,-3.0267387992544594,-3.25211884314632,-3.5900197125286066,-3.0659101833121674
3,5,2,3,0,1.7012835959250356,,-0.75,-0.75,-1.425,-0.75
4,8,2,4,0,-0.523735062875325,,-0.257925,-0.7699502793876144,-0.7060039554630001,-0.24425625000000004
5,4,1,4,2,,,,0.0,0.0,
4,5,1,4,2,,0.763282581862017,0.0,0.16028103718125675,0.0,0.3301189610677673
1,5,2,3,0,-10.0,,-10.0,-10.0,-10.0,-10.0
2,3,1,3,1,-4.404356175,-0.8377078521032998,-3.3663662734933677,-9.524507887756975,-5.233421720258924,-3.952448000090257
4,7,1,4,0,0.0,,,,0.0,
4,1,2,4,0,-0.31664185726148597,,-4.067258204951017,-3.7316485627435245,-3.0049259707140257,-3.1914097011045603
2,1,2,4,1,-9.75,-10.0,-10.0,-7.248301679036403,-10.0,-10.0
1,0,3,3,2,,-10.0,-10.0,-10.0,-10.0,-10.0
3,1,2,4,2,,-4.151035335931427,-3.91277325,-3.91277325,-3.91277325,-3.91277325
4,0,2,4,2,,-2.6506933800371892,-2.5870389346677856,-2.360191623535135,-2.466992197007313,-2.6597298309635167
3,2,1,3,2,,-1.3999067230272852,-0.9008625,-0.7304196234375,-0.9118535513233126,-0.75
2,6,2,3,2,,-6.444751657457216,-10.0,-10.0,-10.0,-9.75
1,5,1,4,0,-10.0,,-10.0,-10.0,-10.0,-10.0
4,0,2,3,0,-4.49793501443249,,-3.2737744032994427,-1.1430186675546683,-3.112847246645546,-3.042870477549446
3,3,2,3,0,-2.57925,,-0.3870236520029319,2.0830333238571264,-0.7313593287752037,-0.38433500313310687
4,4,2,4,0,-4.437637795835809,,-4.36379223539857,-4.275412305348793,-4.399280515343247,-4.735029961795539
2,6,2,4,0,-9.75,,-10.0,-9.422054699524443,-10.0,-10.0
3,5,3,4,2,,-9.75,-8.48035544488535,-10.0,-8.155969647499658,-0.07899807721701757
3,0,3,4,0,-10.0,,-6.782173271318824,-7.521653931747698,-4.218604426087795,-10.0
1,3,3,4,0,-10.0,,-10.0,-10.0,-10.0,-10.0
2,0,2,4,2,,-10.0,-10.0,-9.40214199976375,-10.0,-10.0
2,5,2,4,2,,-10.0,-8.885801300437778,-8.827167183526122,-6.632571288486445,-10.0
3,4,3,4,0,-7.054535794128126,,-7.08719212452791,-10.0,-10.0,-9.75
1,0,1,3,0,-10.0,,-10.0,-10.0,-10.0,9.954765674665692
2,7,1,4,0,-0.75,,-10.0,-0.75,0.0,-0.75
4,1,2,3,2,,,-0.5875103907415132,,-0.6037593516673619,-0.05625
1,4,1,4,0,-10.0,,-10.0,-10.0,-10.0,-10.0
4,1,1,3,2,,0.0,0.0,0.0,0.04734151534766423,-0.004185652788693634
3,5,3,4,0,-10.0,,-10.0,-6.848384171671,-10.0,-6.5483160127056745
1,1,3,3,1,-10.0,-10.0,-10.0,-10.0,-10.0,-10.0
1,7,3,4,1,-10.0,-10.0,-10.0,-10.0,-10.0,-10.0
4,5,2,4,2,,-1.1779868973087941,1.9074915175691658,-0.8172551265252566,-1.1377791219422653,-0.642040723393783
2,3,2,3,0,-10.0,,-10.0,-2.5464053247105127,-8.316557690070344,-8.831487511673842
1,4,3,3,2,,-10.0,-10.0,-10.0,-10.0,-10.0
3,6,2,4,0,-0.75,,-0.75,-0.75,0.0,-0.75
1,6,1,3,0,-10.0,,-10.0,-10.0,-9.975380727445412,-10.0
3,8,2,4,0,-1.425,,-1.425,-2.0325,-1.425,-2.0325
1,8,2,3,0,-10.0,,-10.0,-10.0,-10.0,-10.0
3,6,1,3,0,-0.3497890105503635,,-0.9265178538160352,-0.861375,-0.7607848061799664,-0.8461875000000001
3,2,2,3,2,,-0.75,0.0,-0.75,-0.75,-0.75
4,3,1,3,0,,,0.0,0.0,,1.7933788912580881
3,2,1,3,0,-1.2664813468574345,,3.1513895451579206,0.6372884083411677,0.9183750052221816,1.0748815022128324
4,6,2,4,0,0.0,,0.0,0.0,,-0.6748763297634304
2,8,2,4,0,-10.0,,-4.537967500000001,-4.21059,-4.46059,-10.0
1,5,3,3,2,,-10.0,-10.0,-10.0,-10.0,-10.0
1,3,3,4,2,,-10.0,-10.0,-10.0,-10.0,-10.0
1,5,2,4,2,,-10.0,-10.0,-10.0,-10.0,-2.196391972894104
2,0,1,4,1,0.0,0.778853229137322,0.0,-1.425,0.0,-0.6972536459447625
2,5,1,3,0,-10.0,,-2.0325,-1.7533187505458285,-2.0325,-2.0325
2,7,2,3,2,,-8.527243063071266,-8.487250664791407,-10.0,-9.75,-0.8947489743948367
2,2,2,4,0,-10.0,,-10.0,-9.553327200029003,-10.0,-10.0
3,1,1,4,2,,-0.41668248942677016,-1.6132848883897541,-1.6747343201987623,-1.6931920186429763,-1.6982883788822303
2,3,3,4,1,-10.0,-10.0,2.823938,,,
1,2,2,4,1,-10.0,-10.0,-10.0,-10.0,-10.0,-1.3480304577101658
2,6,1,3,0,-1.2609788276567746,,-2.485,-2.244061068395903,-2.5645194828218836,-10.0
3,8,3,3,2,,-8.539854942495003,0.6584918859075262,-10.0,-8.155,-10.0
1,0,2,4,0,-10.0,,-6.819019999999999,-10.0,-8.0,-0.29837706194085634
4,4,2,3,2,,-2.931519485648382,-2.865233864747742,-2.9350351428660035,-2.8761425926294577,-2.842148273477727
3,7,1,3,2,,-1.8626456292291715,-1.6778696741858812,-2.1373269892007647,-2.055228863788079,0.0031063955248676438
4,3,1,3,2,,0.0,0.0,0.0,0.0,0.0
2,1,1,3,2,,-1.9698456622301612,-1.425,-2.023531933125,-1.9,-1.6457106014146947
4,0,2,4,0,-3.068719949326659,,-5.079285745738562,-5.162271722466793,-5.140773122445018,-5.066528009573011
1,8,3,4,0,-10.0,,-10.0,-10.0,-10.0,-10.0
3,8,2,4,2,,0.0,0.016449310630772325,-0.3713327178771244,0.05628053435753537,3.3907155778953277
2,5,2,4,0,-10.0,,-10.0,-8.90085656758887,-8.949681188034749,-8.955403872628796
3,0,1,3,0,-0.504938549677425,,-0.14187044708498134,0.5712153559491502,2.3809245049110803,1.5164832688090586
2,0,1,4,0,-2.7088147594874146,,-1.4001830875075116,2.616241026967838,-1.340622157255821,-1.6621592254283153
4,8,1,3,0,-0.09378642026527494,,-0.11071144531420773,-0.09024323888420116,-0.3309718611699355,-0.2223
3,4,1,4,1,-1.8990342062411747,-1.82358075,-0.08042296296464715,-1.5355926633924186,-1.6601327356828206,-2.026207929078943
2,7,3,3,2,,-10.0,,-10.0,,-10.0
1,7,1,4,0,-9.97784265470087,,-10.0,-10.0,-10.0,-10.0
2,3,1,4,2,,-10.0,-4.118228532642073,-4.00565373795229,-4.019404580581295,-3.8709347714305977
4,3,1,4,0,-0.11198089841145548,,-0.1527618821469588,-0.2146208534967419,-0.0826963161635692,0.03225296203035648
1,2,3,4,0,-10.0,,-10.0,3.8145287336575593,-10.0,-10.0
1,1,2,3,2,,-10.0,-10.0,-10.0,-10.0,-10.0
3,0,2,4,0,-2.699105687984115,,-0.6936498556213662,-1.2653497057914957,-1.1615616624768565,-1.2356783140362682
5,5,1,4,0,,,,,0.0,
4,2,2,4,0,-1.2698650208843434,,-3.0859090620091134,-2.816761307942941,-3.185509807947277,-2.688758146911682
2,3,2,4,0,-8.615808201260789,,-8.73167799466073,-10.0,-10.0,-10.0
1,2,3,3,2,,-10.0,-10.0,-10.0,-10.0,-10.0
1,4,2,4,0,-10.0,,-10.0,-10.0,-10.0,-10.0
3,4,3,4,2,,-9.303398877443723,-8.535777275477551,-10.0,-10.0,-9.263770414944064
1,5,3,4,2,,-10.0,-10.0,-10.0,-10.0,-6.69141536615327
1,5,3,3,1,,-10.0,-10.0,1.3776606787697627,-10.0,-10.0
3,7,3,3,2,,-3.422266352464055,-7.818544958583263,-7.846541750146997,-7.602808449527094,-7.397377105638288
2,6,3,3,1,-10.0,,,5.199019999999999,-10.0,
5,6,1,3,0,0.0,,,0.11452068919265815,,
3,3,3,4,2,,-8.2659958998842,-8.428446262909759,-10.0,-8.536593977538814,-8.525625203082821
1,8,3,3,2,,-10.0,-7.322767906679856,4.018097109315118,-6.429362205858705,-10.0
1,7,3,4,2,,-10.0,-10.0,-10.0,5.597528960195796,
1,3,2,4,0,-10.0,,-10.0,-10.0,-10.0,-10.0
3,4,1,4,0,-1.1539111583000135,,-0.8773492351784234,-1.5629998924999726,-1.5690181872520137,-1.425
2,5,1,4,0,-1.675,,-2.0282106014146946,-2.0308381991025657,-2.030653554558406,-1.425
4,4,1,4,0,0.052349308794046326,,-0.04321827676445116,,,0.0
1,6,3,4,2,,-10.0,-10.0,-10.0,-10.0,4.396364086784707
4,0,1,4,2,,-0.5946784547304812,-0.580332746956046,-0.632748566963256,-0.6769990099228574,-0.6592557193767016
5,5,1,4,2,,0.4968950311276791,,,,
2,5,1,4,2,,-4.419441844373543,-3.7117002933174357,-4.094136233277975,-3.8273677834677535,-1.493918010005319
1,6,2,3,0,-10.0,,-10.0,-10.0,-10.0,-10.0
2,4,2,4,0,-10.0,,-8.942567288116809,-10.0,-10.0,-10.0
3,1,3,4,0,-8.02591975154347,,-9.3225,-6.6903161172483285,-8.470832920404256,-9.61525
5,7,1,3,2,,,0.22156106123472327,0.0,,
3,6,3,3,2,,-10.0,-10.0,-10.0,-8.767539223650516,-10.0
2,5,3,3,1,-10.0,,,,4.58,
3,1,2,3,0,-1.425,,0.7499996685882783,1.332607489085866,3.220543293005283,
1,0,2,4,2,,-10.0,-10.0,-10.0,-10.0,-10.0
1,8,3,4,2,,-10.0,-10.0,10.0,-10.0,-10.0
4,3,2,3,2,,-0.8356432411089629,-1.285056980555042,-1.1994472622106307,-1.1607389957269643,-0.9447023735253758
2,2,2,3,2,,-10.0,-10.0,-10.0,-10.0,-8.69737106342145
3,1,2,4,0,-2.738471579090577,,-3.1808761986503074,-3.196055916994526,-3.3220556683777223,-3.2952494926502394
1,5,3,4,0,-10.0,,-10.0,-10.0,-10.0,-10.0
4,8,2,4,2,,-2.3390292349817825,-2.260709216006662,-1.7295442505869503,-0.26424131590645666,-2.090033399967316
1,7,3,3,2,,-10.0,6.810231077406737,-10.0,-10.0,-10.0
4,8,2,3,2,,-3.2554836567724954,-1.802372913788911,-3.7076506291795366,-3.1844400203417087,-3.285813694240429
3,2,3,4,0,-4.4093866313897845,,-7.475401763776456,-7.738000151555571,-10.0,-10.0
3,6,1,4,0,-0.5569374335474248,,,0.0,0.0,
3,0,3,3,0,-6.3723431441709995,,-0.6718381625860268,-8.368668144730945,-7.908720704404979,-4.449123581904645
3,5,2,4,0,-1.425,,-1.425,-1.425,-2.0325,-2.0325
3,3,3,4,0,-10.0,,-9.75,-8.674058216067465,-9.75,-10.0
2,2,3,4,0,-10.0,,,,-10.0,
2,3,3,4,0,,,-10.0,,,-10.0
3,0,2,3,2,,-2.57925,-3.071325,-2.57925,-2.57925,-2.57925
3,4,3,3,0,-8.827426224070937,,-10.0,-8.365160259265915,-8.884658964155296,-8.84049623408923
3,2,2,4,0,1.0102326441841563,,-2.57925,-2.0723151297051086,-2.5092816325404286,-1.9709999316878233
3,2,3,3,0,-10.0,,2.391595059753162,-4.762305923456591,-4.14248149647152,-6.053273709269455
3,2,2,3,0,-0.75,,,4.8372762124946895,-0.75,1.2230262167337416
3,4,2,3,2,,-2.1886954091189224,-2.0325,-2.57925,-2.57925,-2.0325
2,2,3,4,1,-10.0,-10.0,-10.0,-10.0,-10.0,-10.0
4,5,1,4,0,0.24129601306290108,,0.0,0.0,0.0,
5,8,1,4,2,,0.0,,,,0.0
4,8,1,3,2,,-0.45690010430671224,-0.34699317795410045,-0.3884352069330185,-0.38073447880180517,0.5363571940395464
2,0,2,4,0,-9.146421040607809,,-4.922000000000001,-4.197178669844851,-0.12528593646443764,-8.0
3,4,2,4,2,,-3.3003700489246866,-2.9682748542245374,-3.405464976423433,-2.958339035689275,-2.9958683867609923
2,1,2,3,2,,-10.0,-10.0,-10.0,-10.0,-4.90192075
3,0,2,3,0,-2.234597054255093,,0.0,0.4053713146577701,1.081827650806776,0.0
3,6,3,4,2,,-9.8523775,-3.0704839114216775,-7.3528899956205676,-6.13736117250537,-5.54691332439228
1,1,3,3,0,-10.0,,6.601208610453918,-10.0,-10.0,-10.0
1,1,2,4,2,,-10.0,-10.0,-10.0,-10.0,-10.0
3,4,2,3,0,-2.962942559138336,,-3.1175287601426307,-3.173161640500566,-3.3461363913798685,-3.305990840540621
4,2,2,3,0,-1.0496505829724243,,0.04632367841640778,0.0,0.44977035450823627,2.7136920816520442
1,0,3,4,0,-10.0,,-10.0,-9.325,-0.43406199999999995,10.459174519110622
1,3,3,3,0,-10.0,,-10.0,-8.379999999999999,-10.0,-10.0
1,1,3,4,0,-10.0,,0.7777403856484375,-0.5582748503799999,6.1846185384878725,-10.0
3,8,2,3,2,,-0.75,-0.8746304459360306,1.6398138485197007,-1.3279226803686466,-0.9100059016684056
1,3,3,3,2,,-10.0,-10.0,-10.0,-10.0,-10.0
2,8,3,3,0,,,,-10.0,,
1,5,3,3,0,-10.0,,-10.0,-10.0,-10.0,-10.0
3,0,2,4,2,,-3.789413124294142,-3.5141925,-3.5141925,-3.5141925,-3.5141925
2,1,3,3,0,,,-10.0,,,2.839919383847002
1,2,3,3,0,,,,7.14672814536643,-10.0,
2,2,3,4,2,,,,,-10.0,
2,5,2,3,0,-10.0,,-9.554265312843786,-10.0,-10.0,-10.0
5,6,1,4,2,,0.0,0.9646752816478302,,,0.0
2,0,3,4,0,,,,,,6.2604061999999985
2,8,3,3,1,-10.0,-10.0,-10.0,-10.0,-10.0,-10.0
1,4,3,4,0,-10.0,,-10.0,-10.0,-10.0,-10.0
4,3,2,4,0,-5.149869605130417,,-5.161059291255321,-5.096197070363624,-4.985482449856922,-4.974414937343211
2,4,3,3,0,-10.0,,-10.0,-10.0,-10.0,-10.0
2,7,3,4,1,-10.0,-10.0,,-10.0,-10.0,-10.0
1,1,3,3,2,,-10.0,-10.0,-10.0,-10.0,-10.0
0,5,3,4,0,,,,,-10.0,
2,4,3,4,0,-10.0,,,,-10.0,
2,0,3,3,1,,,,,,-10.0
3,7,2,3,0,-3.8637240626471487,,-3.91277325,-3.91277325,-3.91277325,-3.5141925
1,8,3,3,0,-10.0,,-10.0,-10.0,-10.0,-10.0
1,7,3,3,0,-10.0,,-10.0,-10.0,-10.0,-10.0
2,3,3,3,0,-10.0,,-10.0,-3.463703314857998,-10.0,-10.0
4,7,2,3,0,-0.9175157772139987,,-2.9703397873129846,-2.7020510137546982,-2.8491620034758824,-2.8844932964080114
2,8,3,4,1,-10.0,-10.0,-10.0,-10.0,-10.0,-10.0
5,7,1,4,2,,,,,0.20305904577745593,0.0
4,6,2,3,0,-1.0132560027788542,,-1.5114511876224128,-1.2366378856522464,-2.007396977863811,-1.2859293116492725
2,0,3,4,1,-10.0,-10.0,,,-10.0,
3,6,2,3,2,,1.374536434891057,-0.75,-1.425,-0.7750535070272098,-0.75
2,1,3,4,1,-10.0,-10.0,-10.0,-10.0,-10.0,-10.0
3,8,2,3,0,-3.412521067845068,,-3.5141925,-3.5141925,-3.5141925,-3.2993175667894037
2,6,3,4,2,,,,,-10.0,7.225159022000001
2,5,3,4,2,,,,,,2.0165661276199995
4,6,2,3,2,,-1.3016723127324108,-2.8869996276561465,-2.324431089816784,-1.9478095574954517,-2.0371192117036214
2,5,3,3,0,-10.0,,-10.0,-10.0,-10.0,-10.0
0,5,2,3,1,,,-10.0,,,
1,1,3,4,2,,-10.0,-10.0,,-10.0,
2,4,3,3,1,,-10.0,,,10.0,
4,5,2,3,2,,-3.8285250089644514,-3.8521131981068826,-3.8768570302077943,-3.7395965786309837,-3.8714462554305324
2,1,3,4,0,,,,8.0,,
2,8,3,4,2,,,,10.0,-10.0,-10.0
2,4,3,4,2,,-10.0,-10.0,-10.0,-10.0,-10.0
2,7,3,4,2,,-10.0,8.379999999999999,,10.0,-10.0
5,8,1,3,0,,,,0.0,,0.0
2,7,3,3,1,-10.0,-10.0,-10.0,-10.0,-10.0,-10.0
3,7,2,4,0,,,0.0,,,0.0
2,0,3,3,0,,,-10.0,,-10.0,10.6075
5,1,1,4,0,0.524425125277514,,,-0.010399600742160828,-0.001433489193632971,
2,2,3,3,0,-10.0,,1.2922261999999993,-10.0,-10.0,-10.0
2,5,3,3,2,,,-10.0,,,
2,4,3,4,1,-10.0,,,,,-10.0
0,3,1,3,1,,-10.0,,,,
2,3,3,4,2,,-10.0,-10.0,-10.0,-10.0,-10.0
5,1,1,4,2,,0.0,0.051158314631946616,,0.0,
5,0,1,4,0,-0.010618569353941171,,-0.02705883237330317,0.0,0.0,0.39055884139684355
2,2,3,3,1,-10.0,,,,,
2,8,3,4,0,-10.0,,,,,
5,2,1,4,0,,,0.0,,0.008039224048269589,0.0
5,0,1,3,0,,,0.03358100863012511,,0.0,0.0
5,0,1,4,2,,-0.04712728882332415,-0.042727306358400254,-0.01501828625667959,-0.0394074749386634,0.01703906413536421
5,7,1,4,0,,,,,0.0,
2,8,3,3,2,,,-10.0,8.2,,
5,2,1,4,2,,0.0,0.0,0.13304304407709142,,0.0
2,6,3,3,0,,,,-10.0,,-10.0
0,3,3,3,0,,,,-10.0,,
2,3,3,3,1,,-10.0,-10.0,,,
5,0,1,3,2,,,0.0,,,
0,0,3,4,0,,,,,,10.0
5,4,1,4,0,,,,0.0,,
5,8,1,3,2,,0.0,0.16371741617380423,0.0,0.0,
0,4,1,4,1,,,,,10.0,
5,7,1,3,0,,,,0.02313753177539707,,
5,6,1,3,2,,,,,0.0,0.0
0,7,2,3,2,,,,,10.0,
0,6,1,3,1,,,,,,-10.0
